{"cameraMode":{"drawMode":0,"name":"Shaded","section":"Shading Mode"},"sceneLighting":true,"audioPlay":false,"sceneViewState":{"m_AlwaysRefresh":false,"showFog":true,"showSkybox":true,"showFlares":true,"showImageEffects":true,"showParticleSystems":true,"showVisualEffectGraphs":true,"m_FxEnabled":true},"in2DMode":false,"pivot":{"x":56.089664459228519,"y":6.725194454193115,"z":35.84323501586914},"rotation":{"x":0.003131626872345805,"y":0.7575042843818665,"z":-0.6528244018554688,"w":0.003639116184785962},"size":4.7496256828308109,"orthographic":false}